USE HR_Bendig_Pecyna_Szubert_Michalak;
GO

SET IDENTITY_INSERT Departments ON
INSERT INTO Departments (department_id, department_name, city_name) VALUES (1,'ODDZIAL__L_1','Lodz, Poland')
INSERT INTO Departments (department_id, department_name, city_name) VALUES (2,'ODDZIAL_L_2','Lodz, Poland')
INSERT INTO Departments (department_id, department_name, city_name) VALUES (3,'ODDZIAL_W_1','Varsaw, Poland')
SET IDENTITY_INSERT Departments OFF
GO

SET IDENTITY_INSERT Positions ON
INSERT INTO Positions(position_id, title, min_salary, max_salary, remote_work_days) VALUES (1,'CEO',20000,25000,15)
INSERT INTO Positions(position_id, title, min_salary, max_salary, remote_work_days) VALUES (2,'Junior Software Developer',4500,6000,2)
INSERT INTO Positions(position_id, title, min_salary, max_salary, remote_work_days) VALUES (3,'Regular Software Developer',6000,10000,5)
INSERT INTO Positions(position_id, title, min_salary, max_salary, remote_work_days) VALUES (4,'Senior Software Developer',10000,14000,10)
INSERT INTO Positions(position_id, title, min_salary, max_salary, remote_work_days) VALUES (5,'Line Manager',10000,12000,6)
INSERT INTO Positions(position_id, title, min_salary, max_salary, remote_work_days) VALUES (6,'Product Owner',8000,12000,10)
INSERT INTO Positions(position_id, title, min_salary, max_salary, remote_work_days) VALUES (7,'Scrum Master',6000,10000,2)
INSERT INTO Positions(position_id, title, min_salary, max_salary, remote_work_days) VALUES (8,'Accountant Specialist',5000,10000,4)
INSERT INTO Positions(position_id, title, min_salary, max_salary, remote_work_days) VALUES (9,'IT Administrator',4000,7000,2)
INSERT INTO Positions(position_id, title, min_salary, max_salary, remote_work_days) VALUES (10,'Administrator Specialist',4000,6000,0)
INSERT INTO Positions(position_id, title, min_salary, max_salary, remote_work_days) VALUES (11,'Cleaner',2500,3500,0)
SET IDENTITY_INSERT Positions OFF
GO

SET IDENTITY_INSERT Employees ON
INSERT INTO Employees (employee_id, first_name, last_name, phone_number, team_id) VALUES (29,'Dariusz','Kwiatkowski','+48127061730',NULL)
SET IDENTITY_INSERT Employees OFF
GO

SET IDENTITY_INSERT Teams ON
INSERT INTO Teams (team_id, team_name, manager_id, department_id) VALUES (1,'Managers',29,1)
SET IDENTITY_INSERT Teams OFF
GO

SET IDENTITY_INSERT Employees ON
INSERT INTO Employees (employee_id, first_name, last_name, phone_number, team_id) VALUES (3,'Alice','Baran','+48182012454',1)
INSERT INTO Employees (employee_id, first_name, last_name, phone_number, team_id) VALUES (10,'Kamil','Cieœlak','+48512638168',1)
INSERT INTO Employees (employee_id, first_name, last_name, phone_number, team_id) VALUES (15,'Weronika','Górska','+48228623474',1)
INSERT INTO Employees (employee_id, first_name, last_name, phone_number, team_id) VALUES (20,'Kamil','Ko³odziej','+48502760662',1)
INSERT INTO Employees (employee_id, first_name, last_name, phone_number, team_id) VALUES (30,'Zuza','Laskowska','+48139776971',1)
INSERT INTO Employees (employee_id, first_name, last_name, phone_number, team_id) VALUES (5,'Antonina','Borkowska','+48168626464',1)
SET IDENTITY_INSERT Employees OFF
GO

SET IDENTITY_INSERT Teams ON
INSERT INTO Teams (team_id, team_name, manager_id, department_id) VALUES (2,'Apple Team',3,3)
INSERT INTO Teams (team_id, team_name, manager_id, department_id) VALUES (3,'Orange Team',3,2)
INSERT INTO Teams (team_id, team_name, manager_id, department_id) VALUES (6,'Blueberry Team',3,1)
INSERT INTO Teams (team_id, team_name, manager_id, department_id) VALUES (14,'Strawberry Team',5,3)
INSERT INTO Teams (team_id, team_name, manager_id, department_id) VALUES (4,'Tangerine Team',10,2)
INSERT INTO Teams (team_id, team_name, manager_id, department_id) VALUES (5,'Lemon Team',10,2)
INSERT INTO Teams (team_id, team_name, manager_id, department_id) VALUES (13,'Banana Team',10,3)
INSERT INTO Teams (team_id, team_name, manager_id, department_id) VALUES (7,'Cherry Team',15,1)
INSERT INTO Teams (team_id, team_name, manager_id, department_id) VALUES (9,'Grape Team',15,1)
INSERT INTO Teams (team_id, team_name, manager_id, department_id) VALUES (12,'Persimmon Team',15,3)
INSERT INTO Teams (team_id, team_name, manager_id, department_id) VALUES (8,'Rasperry Team',20,1)
INSERT INTO Teams (team_id, team_name, manager_id, department_id) VALUES (10,'Limone Team',20,1)
INSERT INTO Teams (team_id, team_name, manager_id, department_id) VALUES (11,'Pomelo Team',20,1)
SET IDENTITY_INSERT Teams OFF
GO

SET IDENTITY_INSERT Employees ON
INSERT INTO Employees (employee_id, first_name, last_name, phone_number, team_id) VALUES (2,'Mieszko','Baran','+48168335118',10)
INSERT INTO Employees (employee_id, first_name, last_name, phone_number, team_id) VALUES (4,'Karolina','Baranowska','+48451426947',14)
INSERT INTO Employees (employee_id, first_name, last_name, phone_number, team_id) VALUES (6,'Juliusz','Borkowski','+48189270091',6)
INSERT INTO Employees (employee_id, first_name, last_name, phone_number, team_id) VALUES (7,'Rafa³','Brzeziñski','+48367277242',9)
INSERT INTO Employees (employee_id, first_name, last_name, phone_number, team_id) VALUES (8,'Franciszek','Chmielewski','+48222099489',8)
INSERT INTO Employees (employee_id, first_name, last_name, phone_number, team_id) VALUES (9,'Patryk','Cieœlak','+48336539842',8)
INSERT INTO Employees (employee_id, first_name, last_name, phone_number, team_id) VALUES (11,'Bogna','Cieœlak','+48116384097',13)
INSERT INTO Employees (employee_id, first_name, last_name, phone_number, team_id) VALUES (12,'Emilia','Cieœlak','+48479944151',10)
INSERT INTO Employees (employee_id, first_name, last_name, phone_number, team_id) VALUES (13,'Karol','Czarnecki','+48318743275',3)
INSERT INTO Employees (employee_id, first_name, last_name, phone_number, team_id) VALUES (14,'Jadwiga','G³owacka','+48626236679',12)
INSERT INTO Employees (employee_id, first_name, last_name, phone_number, team_id) VALUES (16,'Dorian','Górski','+48631253503',7)
INSERT INTO Employees (employee_id, first_name, last_name, phone_number, team_id) VALUES (17,'Pamela','Jaworska','+48193602703',8)
INSERT INTO Employees (employee_id, first_name, last_name, phone_number, team_id) VALUES (18,'Monika','Kalinowska','+48626888821',12)
INSERT INTO Employees (employee_id, first_name, last_name, phone_number, team_id) VALUES (19,'Julia','Kalinowska','+48620591770',5)
INSERT INTO Employees (employee_id, first_name, last_name, phone_number, team_id) VALUES (21,'Kacper','Kowalczyk','+48222359218',6)
INSERT INTO Employees (employee_id, first_name, last_name, phone_number, team_id) VALUES (22,'Natasza','Kowalczyk','+48354376073',13)
INSERT INTO Employees (employee_id, first_name, last_name, phone_number, team_id) VALUES (23,'Blanka','Kowalska','+48388905838',2)
INSERT INTO Employees (employee_id, first_name, last_name, phone_number, team_id) VALUES (24,'Ludwik','Kowalski','+48269714143',12)
INSERT INTO Employees (employee_id, first_name, last_name, phone_number, team_id) VALUES (25,'Kordian','Kowalski','+48550193645',8)
INSERT INTO Employees (employee_id, first_name, last_name, phone_number, team_id) VALUES (26,'Aleksy','Koz³owski','+48594305071',7)
INSERT INTO Employees (employee_id, first_name, last_name, phone_number, team_id) VALUES (27,'Borys','Krawczyk','+48282744639',3)
INSERT INTO Employees (employee_id, first_name, last_name, phone_number, team_id) VALUES (28,'Lucjan','Kubiak','+48299853299',7)
INSERT INTO Employees (employee_id, first_name, last_name, phone_number, team_id) VALUES (1,'£ukasz','Adamska','+48261192135',6)
INSERT INTO Employees (employee_id, first_name, last_name, phone_number, team_id) VALUES (31,'Adela','Lewandowska','+48154224450',13)
INSERT INTO Employees (employee_id, first_name, last_name, phone_number, team_id) VALUES (32,'Mi³osz','Maciejewski','+48274252948',12)
INSERT INTO Employees (employee_id, first_name, last_name, phone_number, team_id) VALUES (33,'Pawe³','Malinowski','+48191113823',8)
INSERT INTO Employees (employee_id, first_name, last_name, phone_number, team_id) VALUES (34,'Albert','Mróz','+48238401771',10)
INSERT INTO Employees (employee_id, first_name, last_name, phone_number, team_id) VALUES (35,'Kinga','Rutkowska','+48470426706',11)
INSERT INTO Employees (employee_id, first_name, last_name, phone_number, team_id) VALUES (36,'Mi³osz','Rutkowski','+48502921065',6)
INSERT INTO Employees (employee_id, first_name, last_name, phone_number, team_id) VALUES (37,'Kamil','Rutkowski','+48476341792',5)
INSERT INTO Employees (employee_id, first_name, last_name, phone_number, team_id) VALUES (38,'Dobromi³','Rutkowski','+48381874544',5)
INSERT INTO Employees (employee_id, first_name, last_name, phone_number, team_id) VALUES (39,'Edward','Sadowska','+48486114736',13)
INSERT INTO Employees (employee_id, first_name, last_name, phone_number, team_id) VALUES (40,'Iza','Sikora','+48398323814',11)
INSERT INTO Employees (employee_id, first_name, last_name, phone_number, team_id) VALUES (41,'Miko³aj','Soko³owski','+48560824964',11)
INSERT INTO Employees (employee_id, first_name, last_name, phone_number, team_id) VALUES (42,'Igor','Soko³owski','+48163442253',13)
INSERT INTO Employees (employee_id, first_name, last_name, phone_number, team_id) VALUES (43,'Pamela','Szczepañska','+48213728975',10)
INSERT INTO Employees (employee_id, first_name, last_name, phone_number, team_id) VALUES (44,'Cecylia','Szczepañska','+48480388896',11)
INSERT INTO Employees (employee_id, first_name, last_name, phone_number, team_id) VALUES (45,'Stefania','Szewczyk','+48451366994',6)
INSERT INTO Employees (employee_id, first_name, last_name, phone_number, team_id) VALUES (46,'Marcelina','Szymañska','+48601180787',11)
INSERT INTO Employees (employee_id, first_name, last_name, phone_number, team_id) VALUES (47,'Joanna','Szymañska','+48204829395',7)
INSERT INTO Employees (employee_id, first_name, last_name, phone_number, team_id) VALUES (48,'Maksymilian','Szymañski','+48411501891',9)
INSERT INTO Employees (employee_id, first_name, last_name, phone_number, team_id) VALUES (49,'Oktawian','Szymczak','+48231800149',11)
INSERT INTO Employees (employee_id, first_name, last_name, phone_number, team_id) VALUES (50,'Alisa','Szymczak','+48637670911',7)
INSERT INTO Employees (employee_id, first_name, last_name, phone_number, team_id) VALUES (51,'Marcelina','Urbañska','+48286387714',14)
INSERT INTO Employees (employee_id, first_name, last_name, phone_number, team_id) VALUES (52,'Alfred','Walczak','+48101333325',8)
INSERT INTO Employees (employee_id, first_name, last_name, phone_number, team_id) VALUES (53,'Jêdrzej','Wiœniewski','+48480643915',10)
INSERT INTO Employees (employee_id, first_name, last_name, phone_number, team_id) VALUES (54,'Janusz','Witkowski','+48341624504',13)
INSERT INTO Employees (employee_id, first_name, last_name, phone_number, team_id) VALUES (55,'Fryderyk','Witkowski','+48363451840',10)
INSERT INTO Employees (employee_id, first_name, last_name, phone_number, team_id) VALUES (56,'Adriana','W³odarczyk','+48124410170',7)
INSERT INTO Employees (employee_id, first_name, last_name, phone_number, team_id) VALUES (57,'Mi³osz','WoŸniak','+48291775293',12)
INSERT INTO Employees (employee_id, first_name, last_name, phone_number, team_id) VALUES (58,'Lucjan','Wójcik','+48308786432',8)
INSERT INTO Employees (employee_id, first_name, last_name, phone_number, team_id) VALUES (59,'B³a¿ej','Wysocki','+48147913366',2)
INSERT INTO Employees (employee_id, first_name, last_name, phone_number, team_id) VALUES (60,'Natasza','Zawadzka','+48214463743',8)
SET IDENTITY_INSERT Employees OFF
GO

SET IDENTITY_INSERT Remote_work ON
INSERT INTO Remote_work (rw_id, start_date, end_date, nr_days, employee_id) VALUES (1,DATEFROMPARTS(2020,1,11),DATEFROMPARTS(2020,1,17),6,37)
INSERT INTO Remote_work (rw_id, start_date, end_date, nr_days, employee_id) VALUES (2,DATEFROMPARTS(2019,12,2),DATEFROMPARTS(2020,1,10),39,32)
INSERT INTO Remote_work (rw_id, start_date, end_date, nr_days, employee_id) VALUES (3,DATEFROMPARTS(2019,12,17),DATEFROMPARTS(2019,12,21),4,54)
INSERT INTO Remote_work (rw_id, start_date, end_date, nr_days, employee_id) VALUES (4,DATEFROMPARTS(2020,1,11),DATEFROMPARTS(2020,1,17),6,30)
INSERT INTO Remote_work (rw_id, start_date, end_date, nr_days, employee_id) VALUES (5,DATEFROMPARTS(2019,12,15),DATEFROMPARTS(2020,1,13),29,2)
INSERT INTO Remote_work (rw_id, start_date, end_date, nr_days, employee_id) VALUES (6,DATEFROMPARTS(2019,12,24),DATEFROMPARTS(2020,1,3),10,47)
INSERT INTO Remote_work (rw_id, start_date, end_date, nr_days, employee_id) VALUES (7,DATEFROMPARTS(2020,1,9),DATEFROMPARTS(2020,1,14),5,56)
INSERT INTO Remote_work (rw_id, start_date, end_date, nr_days, employee_id) VALUES (8,DATEFROMPARTS(2019,12,6),DATEFROMPARTS(2019,12,27),21,59)
INSERT INTO Remote_work (rw_id, start_date, end_date, nr_days, employee_id) VALUES (9,DATEFROMPARTS(2019,12,6),DATEFROMPARTS(2019,12,11),5,37)
INSERT INTO Remote_work (rw_id, start_date, end_date, nr_days, employee_id) VALUES (10,DATEFROMPARTS(2019,12,9),DATEFROMPARTS(2020,1,9),31,19)
INSERT INTO Remote_work (rw_id, start_date, end_date, nr_days, employee_id) VALUES (11,DATEFROMPARTS(2019,12,12),DATEFROMPARTS(2019,12,21),9,10)
INSERT INTO Remote_work (rw_id, start_date, end_date, nr_days, employee_id) VALUES (12,DATEFROMPARTS(2020,1,5),DATEFROMPARTS(2020,1,6),1,18)
INSERT INTO Remote_work (rw_id, start_date, end_date, nr_days, employee_id) VALUES (13,DATEFROMPARTS(2020,1,3),DATEFROMPARTS(2020,1,8),5,43)
INSERT INTO Remote_work (rw_id, start_date, end_date, nr_days, employee_id) VALUES (14,DATEFROMPARTS(2019,12,2),DATEFROMPARTS(2019,12,8),6,10)
INSERT INTO Remote_work (rw_id, start_date, end_date, nr_days, employee_id) VALUES (15,DATEFROMPARTS(2019,12,19),DATEFROMPARTS(2020,1,13),25,10)
INSERT INTO Remote_work (rw_id, start_date, end_date, nr_days, employee_id) VALUES (16,DATEFROMPARTS(2019,12,27),DATEFROMPARTS(2019,12,31),4,59)
INSERT INTO Remote_work (rw_id, start_date, end_date, nr_days, employee_id) VALUES (17,DATEFROMPARTS(2019,12,30),DATEFROMPARTS(2020,1,4),5,8)
INSERT INTO Remote_work (rw_id, start_date, end_date, nr_days, employee_id) VALUES (18,DATEFROMPARTS(2019,12,25),DATEFROMPARTS(2020,1,2),8,54)
INSERT INTO Remote_work (rw_id, start_date, end_date, nr_days, employee_id) VALUES (19,DATEFROMPARTS(2019,12,8),DATEFROMPARTS(2019,12,17),9,31)
INSERT INTO Remote_work (rw_id, start_date, end_date, nr_days, employee_id) VALUES (20,DATEFROMPARTS(2019,12,20),DATEFROMPARTS(2020,1,3),14,3)
INSERT INTO Remote_work (rw_id, start_date, end_date, nr_days, employee_id) VALUES (21,DATEFROMPARTS(2019,12,14),DATEFROMPARTS(2019,12,24),10,24)
INSERT INTO Remote_work (rw_id, start_date, end_date, nr_days, employee_id) VALUES (22,DATEFROMPARTS(2019,12,9),DATEFROMPARTS(2019,12,16),7,41)
INSERT INTO Remote_work (rw_id, start_date, end_date, nr_days, employee_id) VALUES (23,DATEFROMPARTS(2020,1,10),DATEFROMPARTS(2020,1,13),3,20)
INSERT INTO Remote_work (rw_id, start_date, end_date, nr_days, employee_id) VALUES (24,DATEFROMPARTS(2020,1,5),DATEFROMPARTS(2020,1,12),7,48)
INSERT INTO Remote_work (rw_id, start_date, end_date, nr_days, employee_id) VALUES (25,DATEFROMPARTS(2019,12,22),DATEFROMPARTS(2020,1,4),13,44)
INSERT INTO Remote_work (rw_id, start_date, end_date, nr_days, employee_id) VALUES (26,DATEFROMPARTS(2019,12,7),DATEFROMPARTS(2020,1,2),26,30)
INSERT INTO Remote_work (rw_id, start_date, end_date, nr_days, employee_id) VALUES (27,DATEFROMPARTS(2020,1,13),DATEFROMPARTS(2020,1,14),1,42)
INSERT INTO Remote_work (rw_id, start_date, end_date, nr_days, employee_id) VALUES (28,DATEFROMPARTS(2020,1,12),DATEFROMPARTS(2020,1,17),5,17)
INSERT INTO Remote_work (rw_id, start_date, end_date, nr_days, employee_id) VALUES (29,DATEFROMPARTS(2019,12,4),DATEFROMPARTS(2019,12,6),2,52)
INSERT INTO Remote_work (rw_id, start_date, end_date, nr_days, employee_id) VALUES (30,DATEFROMPARTS(2020,1,2),DATEFROMPARTS(2020,1,15),13,8)
INSERT INTO Remote_work (rw_id, start_date, end_date, nr_days, employee_id) VALUES (31,DATEFROMPARTS(2019,12,28),DATEFROMPARTS(2019,12,31),3,10)
INSERT INTO Remote_work (rw_id, start_date, end_date, nr_days, employee_id) VALUES (32,DATEFROMPARTS(2020,1,7),DATEFROMPARTS(2020,1,11),4,50)
INSERT INTO Remote_work (rw_id, start_date, end_date, nr_days, employee_id) VALUES (33,DATEFROMPARTS(2019,12,4),DATEFROMPARTS(2019,12,7),3,51)
INSERT INTO Remote_work (rw_id, start_date, end_date, nr_days, employee_id) VALUES (34,DATEFROMPARTS(2019,12,13),DATEFROMPARTS(2020,1,16),34,8)
INSERT INTO Remote_work (rw_id, start_date, end_date, nr_days, employee_id) VALUES (35,DATEFROMPARTS(2020,1,8),DATEFROMPARTS(2020,1,15),7,19)
INSERT INTO Remote_work (rw_id, start_date, end_date, nr_days, employee_id) VALUES (36,DATEFROMPARTS(2019,12,4),DATEFROMPARTS(2020,1,17),44,45)
INSERT INTO Remote_work (rw_id, start_date, end_date, nr_days, employee_id) VALUES (37,DATEFROMPARTS(2019,12,29),DATEFROMPARTS(2020,1,6),8,42)
INSERT INTO Remote_work (rw_id, start_date, end_date, nr_days, employee_id) VALUES (38,DATEFROMPARTS(2020,1,4),DATEFROMPARTS(2020,1,8),4,15)
INSERT INTO Remote_work (rw_id, start_date, end_date, nr_days, employee_id) VALUES (39,DATEFROMPARTS(2020,1,8),DATEFROMPARTS(2020,1,12),4,24)
INSERT INTO Remote_work (rw_id, start_date, end_date, nr_days, employee_id) VALUES (40,DATEFROMPARTS(2019,12,1),DATEFROMPARTS(2019,12,26),25,29)
INSERT INTO Remote_work (rw_id, start_date, end_date, nr_days, employee_id) VALUES (41,DATEFROMPARTS(2019,12,3),DATEFROMPARTS(2019,12,9),6,23)
INSERT INTO Remote_work (rw_id, start_date, end_date, nr_days, employee_id) VALUES (42,DATEFROMPARTS(2019,12,4),DATEFROMPARTS(2019,12,16),12,30)
INSERT INTO Remote_work (rw_id, start_date, end_date, nr_days, employee_id) VALUES (43,DATEFROMPARTS(2020,1,6),DATEFROMPARTS(2020,1,9),3,40)
INSERT INTO Remote_work (rw_id, start_date, end_date, nr_days, employee_id) VALUES (44,DATEFROMPARTS(2019,12,16),DATEFROMPARTS(2020,1,13),28,26)
INSERT INTO Remote_work (rw_id, start_date, end_date, nr_days, employee_id) VALUES (45,DATEFROMPARTS(2019,12,22),DATEFROMPARTS(2020,1,9),18,16)
INSERT INTO Remote_work (rw_id, start_date, end_date, nr_days, employee_id) VALUES (46,DATEFROMPARTS(2019,12,27),DATEFROMPARTS(2020,1,9),13,8)
INSERT INTO Remote_work (rw_id, start_date, end_date, nr_days, employee_id) VALUES (47,DATEFROMPARTS(2019,12,22),DATEFROMPARTS(2020,1,3),12,48)
INSERT INTO Remote_work (rw_id, start_date, end_date, nr_days, employee_id) VALUES (48,DATEFROMPARTS(2019,12,22),DATEFROMPARTS(2020,1,10),19,43)
INSERT INTO Remote_work (rw_id, start_date, end_date, nr_days, employee_id) VALUES (49,DATEFROMPARTS(2020,1,10),DATEFROMPARTS(2020,1,11),1,44)
INSERT INTO Remote_work (rw_id, start_date, end_date, nr_days, employee_id) VALUES (50,DATEFROMPARTS(2019,12,31),DATEFROMPARTS(2020,1,4),4,24)
INSERT INTO Remote_work (rw_id, start_date, end_date, nr_days, employee_id) VALUES (51,DATEFROMPARTS(2019,12,19),DATEFROMPARTS(2019,12,21),2,12)
INSERT INTO Remote_work (rw_id, start_date, end_date, nr_days, employee_id) VALUES (52,DATEFROMPARTS(2019,12,15),DATEFROMPARTS(2019,12,16),1,43)
INSERT INTO Remote_work (rw_id, start_date, end_date, nr_days, employee_id) VALUES (53,DATEFROMPARTS(2019,12,17),DATEFROMPARTS(2019,12,31),14,53)
INSERT INTO Remote_work (rw_id, start_date, end_date, nr_days, employee_id) VALUES (54,DATEFROMPARTS(2019,12,18),DATEFROMPARTS(2020,1,10),23,3)
INSERT INTO Remote_work (rw_id, start_date, end_date, nr_days, employee_id) VALUES (55,DATEFROMPARTS(2019,12,30),DATEFROMPARTS(2019,12,31),1,21)
INSERT INTO Remote_work (rw_id, start_date, end_date, nr_days, employee_id) VALUES (56,DATEFROMPARTS(2019,12,7),DATEFROMPARTS(2020,1,10),34,48)
INSERT INTO Remote_work (rw_id, start_date, end_date, nr_days, employee_id) VALUES (57,DATEFROMPARTS(2019,12,18),DATEFROMPARTS(2020,1,1),14,38)
INSERT INTO Remote_work (rw_id, start_date, end_date, nr_days, employee_id) VALUES (58,DATEFROMPARTS(2019,12,17),DATEFROMPARTS(2020,1,9),23,32)
INSERT INTO Remote_work (rw_id, start_date, end_date, nr_days, employee_id) VALUES (59,DATEFROMPARTS(2019,12,21),DATEFROMPARTS(2019,12,31),10,11)
INSERT INTO Remote_work (rw_id, start_date, end_date, nr_days, employee_id) VALUES (60,DATEFROMPARTS(2019,12,26),DATEFROMPARTS(2019,12,28),2,30)
INSERT INTO Remote_work (rw_id, start_date, end_date, nr_days, employee_id) VALUES (61,DATEFROMPARTS(2020,1,12),DATEFROMPARTS(2020,1,14),2,35)
INSERT INTO Remote_work (rw_id, start_date, end_date, nr_days, employee_id) VALUES (62,DATEFROMPARTS(2019,12,15),DATEFROMPARTS(2020,1,13),29,23)
INSERT INTO Remote_work (rw_id, start_date, end_date, nr_days, employee_id) VALUES (63,DATEFROMPARTS(2019,12,20),DATEFROMPARTS(2020,1,10),21,12)
INSERT INTO Remote_work (rw_id, start_date, end_date, nr_days, employee_id) VALUES (64,DATEFROMPARTS(2019,12,8),DATEFROMPARTS(2020,1,12),35,41)
INSERT INTO Remote_work (rw_id, start_date, end_date, nr_days, employee_id) VALUES (65,DATEFROMPARTS(2019,12,9),DATEFROMPARTS(2019,12,21),12,2)
INSERT INTO Remote_work (rw_id, start_date, end_date, nr_days, employee_id) VALUES (66,DATEFROMPARTS(2019,12,10),DATEFROMPARTS(2020,1,3),24,51)
INSERT INTO Remote_work (rw_id, start_date, end_date, nr_days, employee_id) VALUES (67,DATEFROMPARTS(2019,12,17),DATEFROMPARTS(2020,1,6),20,10)
INSERT INTO Remote_work (rw_id, start_date, end_date, nr_days, employee_id) VALUES (68,DATEFROMPARTS(2019,12,4),DATEFROMPARTS(2019,12,25),21,33)
INSERT INTO Remote_work (rw_id, start_date, end_date, nr_days, employee_id) VALUES (69,DATEFROMPARTS(2019,12,4),DATEFROMPARTS(2019,12,28),24,18)
INSERT INTO Remote_work (rw_id, start_date, end_date, nr_days, employee_id) VALUES (70,DATEFROMPARTS(2020,1,2),DATEFROMPARTS(2020,1,17),15,41)
INSERT INTO Remote_work (rw_id, start_date, end_date, nr_days, employee_id) VALUES (71,DATEFROMPARTS(2019,12,27),DATEFROMPARTS(2020,1,6),10,48)
INSERT INTO Remote_work (rw_id, start_date, end_date, nr_days, employee_id) VALUES (72,DATEFROMPARTS(2020,1,3),DATEFROMPARTS(2020,1,14),11,19)
INSERT INTO Remote_work (rw_id, start_date, end_date, nr_days, employee_id) VALUES (73,DATEFROMPARTS(2019,12,3),DATEFROMPARTS(2020,1,6),34,60)
INSERT INTO Remote_work (rw_id, start_date, end_date, nr_days, employee_id) VALUES (74,DATEFROMPARTS(2020,1,13),DATEFROMPARTS(2020,1,15),2,52)
INSERT INTO Remote_work (rw_id, start_date, end_date, nr_days, employee_id) VALUES (75,DATEFROMPARTS(2019,12,24),DATEFROMPARTS(2020,1,15),22,55)
INSERT INTO Remote_work (rw_id, start_date, end_date, nr_days, employee_id) VALUES (76,DATEFROMPARTS(2019,12,31),DATEFROMPARTS(2020,1,14),14,42)
INSERT INTO Remote_work (rw_id, start_date, end_date, nr_days, employee_id) VALUES (77,DATEFROMPARTS(2020,1,2),DATEFROMPARTS(2020,1,6),4,7)
INSERT INTO Remote_work (rw_id, start_date, end_date, nr_days, employee_id) VALUES (78,DATEFROMPARTS(2019,12,9),DATEFROMPARTS(2019,12,30),21,24)
INSERT INTO Remote_work (rw_id, start_date, end_date, nr_days, employee_id) VALUES (79,DATEFROMPARTS(2020,1,3),DATEFROMPARTS(2020,1,15),12,36)
INSERT INTO Remote_work (rw_id, start_date, end_date, nr_days, employee_id) VALUES (80,DATEFROMPARTS(2019,12,27),DATEFROMPARTS(2019,12,28),1,20)
INSERT INTO Remote_work (rw_id, start_date, end_date, nr_days, employee_id) VALUES (81,DATEFROMPARTS(2020,1,9),DATEFROMPARTS(2020,1,17),8,30)
INSERT INTO Remote_work (rw_id, start_date, end_date, nr_days, employee_id) VALUES (82,DATEFROMPARTS(2019,12,5),DATEFROMPARTS(2020,1,8),34,2)
INSERT INTO Remote_work (rw_id, start_date, end_date, nr_days, employee_id) VALUES (83,DATEFROMPARTS(2020,1,5),DATEFROMPARTS(2020,1,8),3,1)
INSERT INTO Remote_work (rw_id, start_date, end_date, nr_days, employee_id) VALUES (84,DATEFROMPARTS(2019,12,5),DATEFROMPARTS(2020,1,2),28,10)
INSERT INTO Remote_work (rw_id, start_date, end_date, nr_days, employee_id) VALUES (85,DATEFROMPARTS(2019,12,19),DATEFROMPARTS(2020,1,2),14,55)
INSERT INTO Remote_work (rw_id, start_date, end_date, nr_days, employee_id) VALUES (86,DATEFROMPARTS(2019,12,7),DATEFROMPARTS(2019,12,31),24,52)
INSERT INTO Remote_work (rw_id, start_date, end_date, nr_days, employee_id) VALUES (87,DATEFROMPARTS(2020,1,3),DATEFROMPARTS(2020,1,12),9,58)
INSERT INTO Remote_work (rw_id, start_date, end_date, nr_days, employee_id) VALUES (88,DATEFROMPARTS(2019,12,6),DATEFROMPARTS(2020,1,15),40,33)
INSERT INTO Remote_work (rw_id, start_date, end_date, nr_days, employee_id) VALUES (89,DATEFROMPARTS(2019,12,30),DATEFROMPARTS(2020,1,14),15,9)
INSERT INTO Remote_work (rw_id, start_date, end_date, nr_days, employee_id) VALUES (90,DATEFROMPARTS(2019,12,10),DATEFROMPARTS(2020,1,5),26,58)
INSERT INTO Remote_work (rw_id, start_date, end_date, nr_days, employee_id) VALUES (91,DATEFROMPARTS(2020,1,9),DATEFROMPARTS(2020,1,12),3,27)
INSERT INTO Remote_work (rw_id, start_date, end_date, nr_days, employee_id) VALUES (92,DATEFROMPARTS(2020,1,1),DATEFROMPARTS(2020,1,9),8,36)
INSERT INTO Remote_work (rw_id, start_date, end_date, nr_days, employee_id) VALUES (93,DATEFROMPARTS(2019,12,25),DATEFROMPARTS(2020,1,15),21,32)
INSERT INTO Remote_work (rw_id, start_date, end_date, nr_days, employee_id) VALUES (94,DATEFROMPARTS(2019,12,20),DATEFROMPARTS(2019,12,26),6,16)
INSERT INTO Remote_work (rw_id, start_date, end_date, nr_days, employee_id) VALUES (95,DATEFROMPARTS(2020,1,4),DATEFROMPARTS(2020,1,15),11,37)
INSERT INTO Remote_work (rw_id, start_date, end_date, nr_days, employee_id) VALUES (96,DATEFROMPARTS(2019,12,24),DATEFROMPARTS(2020,1,1),8,40)
INSERT INTO Remote_work (rw_id, start_date, end_date, nr_days, employee_id) VALUES (97,DATEFROMPARTS(2019,12,30),DATEFROMPARTS(2020,1,4),5,8)
INSERT INTO Remote_work (rw_id, start_date, end_date, nr_days, employee_id) VALUES (98,DATEFROMPARTS(2019,12,4),DATEFROMPARTS(2020,1,7),34,31)
INSERT INTO Remote_work (rw_id, start_date, end_date, nr_days, employee_id) VALUES (99,DATEFROMPARTS(2019,12,6),DATEFROMPARTS(2020,1,1),26,51)
INSERT INTO Remote_work (rw_id, start_date, end_date, nr_days, employee_id) VALUES (100,DATEFROMPARTS(2019,12,9),DATEFROMPARTS(2019,12,19),10,54)
INSERT INTO Remote_work (rw_id, start_date, end_date, nr_days, employee_id) VALUES (101,DATEFROMPARTS(2019,12,4),DATEFROMPARTS(2019,12,16),12,17)
INSERT INTO Remote_work (rw_id, start_date, end_date, nr_days, employee_id) VALUES (102,DATEFROMPARTS(2019,12,25),DATEFROMPARTS(2019,12,27),2,51)
INSERT INTO Remote_work (rw_id, start_date, end_date, nr_days, employee_id) VALUES (103,DATEFROMPARTS(2020,1,9),DATEFROMPARTS(2020,1,16),7,36)
INSERT INTO Remote_work (rw_id, start_date, end_date, nr_days, employee_id) VALUES (104,DATEFROMPARTS(2020,1,14),DATEFROMPARTS(2020,1,15),1,32)
INSERT INTO Remote_work (rw_id, start_date, end_date, nr_days, employee_id) VALUES (105,DATEFROMPARTS(2019,12,25),DATEFROMPARTS(2019,12,27),2,22)
INSERT INTO Remote_work (rw_id, start_date, end_date, nr_days, employee_id) VALUES (106,DATEFROMPARTS(2019,12,17),DATEFROMPARTS(2019,12,21),4,3)
INSERT INTO Remote_work (rw_id, start_date, end_date, nr_days, employee_id) VALUES (107,DATEFROMPARTS(2019,12,1),DATEFROMPARTS(2019,12,15),14,38)
INSERT INTO Remote_work (rw_id, start_date, end_date, nr_days, employee_id) VALUES (108,DATEFROMPARTS(2019,12,26),DATEFROMPARTS(2020,1,3),8,48)
SET IDENTITY_INSERT Remote_work OFF
GO

SET IDENTITY_INSERT Vacations ON
INSERT INTO Vacations (vacation_id, start_date, end_date, nr_days, employee_id) VALUES (1,DATEFROMPARTS(2019,12,4),DATEFROMPARTS(2019,12,15),11,22)
INSERT INTO Vacations (vacation_id, start_date, end_date, nr_days, employee_id) VALUES (2,DATEFROMPARTS(2019,12,17),DATEFROMPARTS(2020,1,11),25,59)
INSERT INTO Vacations (vacation_id, start_date, end_date, nr_days, employee_id) VALUES (3,DATEFROMPARTS(2019,12,31),DATEFROMPARTS(2020,1,6),6,36)
INSERT INTO Vacations (vacation_id, start_date, end_date, nr_days, employee_id) VALUES (4,DATEFROMPARTS(2019,12,28),DATEFROMPARTS(2020,1,9),12,50)
INSERT INTO Vacations (vacation_id, start_date, end_date, nr_days, employee_id) VALUES (5,DATEFROMPARTS(2019,12,15),DATEFROMPARTS(2019,12,29),14,51)
INSERT INTO Vacations (vacation_id, start_date, end_date, nr_days, employee_id) VALUES (6,DATEFROMPARTS(2019,12,14),DATEFROMPARTS(2020,1,6),23,35)
INSERT INTO Vacations (vacation_id, start_date, end_date, nr_days, employee_id) VALUES (7,DATEFROMPARTS(2019,12,27),DATEFROMPARTS(2020,1,4),8,9)
INSERT INTO Vacations (vacation_id, start_date, end_date, nr_days, employee_id) VALUES (8,DATEFROMPARTS(2019,12,10),DATEFROMPARTS(2020,1,9),30,37)
INSERT INTO Vacations (vacation_id, start_date, end_date, nr_days, employee_id) VALUES (9,DATEFROMPARTS(2020,1,8),DATEFROMPARTS(2020,1,9),1,28)
INSERT INTO Vacations (vacation_id, start_date, end_date, nr_days, employee_id) VALUES (10,DATEFROMPARTS(2020,1,12),DATEFROMPARTS(2020,1,16),4,29)
INSERT INTO Vacations (vacation_id, start_date, end_date, nr_days, employee_id) VALUES (11,DATEFROMPARTS(2019,12,5),DATEFROMPARTS(2019,12,6),1,37)
INSERT INTO Vacations (vacation_id, start_date, end_date, nr_days, employee_id) VALUES (12,DATEFROMPARTS(2019,12,5),DATEFROMPARTS(2019,12,10),5,34)
INSERT INTO Vacations (vacation_id, start_date, end_date, nr_days, employee_id) VALUES (13,DATEFROMPARTS(2019,12,1),DATEFROMPARTS(2019,12,14),13,47)
INSERT INTO Vacations (vacation_id, start_date, end_date, nr_days, employee_id) VALUES (14,DATEFROMPARTS(2019,12,20),DATEFROMPARTS(2020,1,16),27,15)
INSERT INTO Vacations (vacation_id, start_date, end_date, nr_days, employee_id) VALUES (15,DATEFROMPARTS(2019,12,9),DATEFROMPARTS(2019,12,25),16,55)
INSERT INTO Vacations (vacation_id, start_date, end_date, nr_days, employee_id) VALUES (16,DATEFROMPARTS(2019,12,6),DATEFROMPARTS(2020,1,1),26,51)
INSERT INTO Vacations (vacation_id, start_date, end_date, nr_days, employee_id) VALUES (17,DATEFROMPARTS(2019,12,27),DATEFROMPARTS(2020,1,3),7,27)
INSERT INTO Vacations (vacation_id, start_date, end_date, nr_days, employee_id) VALUES (18,DATEFROMPARTS(2019,12,1),DATEFROMPARTS(2019,12,20),19,22)
INSERT INTO Vacations (vacation_id, start_date, end_date, nr_days, employee_id) VALUES (19,DATEFROMPARTS(2020,1,2),DATEFROMPARTS(2020,1,10),8,15)
INSERT INTO Vacations (vacation_id, start_date, end_date, nr_days, employee_id) VALUES (20,DATEFROMPARTS(2019,12,9),DATEFROMPARTS(2019,12,29),20,23)
INSERT INTO Vacations (vacation_id, start_date, end_date, nr_days, employee_id) VALUES (21,DATEFROMPARTS(2019,12,17),DATEFROMPARTS(2020,1,2),16,2)
INSERT INTO Vacations (vacation_id, start_date, end_date, nr_days, employee_id) VALUES (22,DATEFROMPARTS(2020,1,12),DATEFROMPARTS(2020,1,13),1,1)
INSERT INTO Vacations (vacation_id, start_date, end_date, nr_days, employee_id) VALUES (23,DATEFROMPARTS(2019,12,30),DATEFROMPARTS(2020,1,2),3,47)
INSERT INTO Vacations (vacation_id, start_date, end_date, nr_days, employee_id) VALUES (24,DATEFROMPARTS(2019,12,28),DATEFROMPARTS(2020,1,16),19,53)
INSERT INTO Vacations (vacation_id, start_date, end_date, nr_days, employee_id) VALUES (25,DATEFROMPARTS(2019,12,14),DATEFROMPARTS(2019,12,15),1,42)
INSERT INTO Vacations (vacation_id, start_date, end_date, nr_days, employee_id) VALUES (26,DATEFROMPARTS(2019,12,25),DATEFROMPARTS(2020,1,3),9,6)
INSERT INTO Vacations (vacation_id, start_date, end_date, nr_days, employee_id) VALUES (27,DATEFROMPARTS(2019,12,21),DATEFROMPARTS(2019,12,29),8,20)
INSERT INTO Vacations (vacation_id, start_date, end_date, nr_days, employee_id) VALUES (28,DATEFROMPARTS(2019,12,5),DATEFROMPARTS(2020,1,15),41,55)
INSERT INTO Vacations (vacation_id, start_date, end_date, nr_days, employee_id) VALUES (29,DATEFROMPARTS(2019,12,26),DATEFROMPARTS(2020,1,5),10,7)
INSERT INTO Vacations (vacation_id, start_date, end_date, nr_days, employee_id) VALUES (30,DATEFROMPARTS(2019,12,10),DATEFROMPARTS(2020,1,10),31,24)
INSERT INTO Vacations (vacation_id, start_date, end_date, nr_days, employee_id) VALUES (31,DATEFROMPARTS(2019,12,15),DATEFROMPARTS(2020,1,15),31,25)
INSERT INTO Vacations (vacation_id, start_date, end_date, nr_days, employee_id) VALUES (32,DATEFROMPARTS(2020,1,15),DATEFROMPARTS(2020,1,17),2,49)
INSERT INTO Vacations (vacation_id, start_date, end_date, nr_days, employee_id) VALUES (33,DATEFROMPARTS(2019,12,9),DATEFROMPARTS(2020,1,9),31,54)
INSERT INTO Vacations (vacation_id, start_date, end_date, nr_days, employee_id) VALUES (34,DATEFROMPARTS(2019,12,25),DATEFROMPARTS(2019,12,30),5,15)
INSERT INTO Vacations (vacation_id, start_date, end_date, nr_days, employee_id) VALUES (35,DATEFROMPARTS(2019,12,12),DATEFROMPARTS(2020,1,17),36,38)
INSERT INTO Vacations (vacation_id, start_date, end_date, nr_days, employee_id) VALUES (36,DATEFROMPARTS(2019,12,30),DATEFROMPARTS(2020,1,12),13,23)
INSERT INTO Vacations (vacation_id, start_date, end_date, nr_days, employee_id) VALUES (37,DATEFROMPARTS(2019,12,4),DATEFROMPARTS(2020,1,12),39,32)
INSERT INTO Vacations (vacation_id, start_date, end_date, nr_days, employee_id) VALUES (38,DATEFROMPARTS(2019,12,14),DATEFROMPARTS(2019,12,21),7,4)
INSERT INTO Vacations (vacation_id, start_date, end_date, nr_days, employee_id) VALUES (39,DATEFROMPARTS(2020,1,14),DATEFROMPARTS(2020,1,15),1,9)
INSERT INTO Vacations (vacation_id, start_date, end_date, nr_days, employee_id) VALUES (40,DATEFROMPARTS(2020,1,6),DATEFROMPARTS(2020,1,9),3,3)
INSERT INTO Vacations (vacation_id, start_date, end_date, nr_days, employee_id) VALUES (41,DATEFROMPARTS(2019,12,20),DATEFROMPARTS(2019,12,30),10,40)
INSERT INTO Vacations (vacation_id, start_date, end_date, nr_days, employee_id) VALUES (42,DATEFROMPARTS(2019,12,25),DATEFROMPARTS(2020,1,9),15,25)
INSERT INTO Vacations (vacation_id, start_date, end_date, nr_days, employee_id) VALUES (43,DATEFROMPARTS(2019,12,1),DATEFROMPARTS(2020,1,10),40,20)
INSERT INTO Vacations (vacation_id, start_date, end_date, nr_days, employee_id) VALUES (44,DATEFROMPARTS(2019,12,25),DATEFROMPARTS(2020,1,4),10,21)
INSERT INTO Vacations (vacation_id, start_date, end_date, nr_days, employee_id) VALUES (45,DATEFROMPARTS(2019,12,1),DATEFROMPARTS(2020,1,3),33,47)
INSERT INTO Vacations (vacation_id, start_date, end_date, nr_days, employee_id) VALUES (46,DATEFROMPARTS(2019,12,10),DATEFROMPARTS(2019,12,29),19,42)
INSERT INTO Vacations (vacation_id, start_date, end_date, nr_days, employee_id) VALUES (47,DATEFROMPARTS(2019,12,25),DATEFROMPARTS(2019,12,31),6,15)
INSERT INTO Vacations (vacation_id, start_date, end_date, nr_days, employee_id) VALUES (48,DATEFROMPARTS(2020,1,8),DATEFROMPARTS(2020,1,11),3,35)
INSERT INTO Vacations (vacation_id, start_date, end_date, nr_days, employee_id) VALUES (49,DATEFROMPARTS(2019,12,9),DATEFROMPARTS(2019,12,28),19,44)
INSERT INTO Vacations (vacation_id, start_date, end_date, nr_days, employee_id) VALUES (50,DATEFROMPARTS(2019,12,19),DATEFROMPARTS(2020,1,7),19,35)
INSERT INTO Vacations (vacation_id, start_date, end_date, nr_days, employee_id) VALUES (51,DATEFROMPARTS(2020,1,6),DATEFROMPARTS(2020,1,15),9,28)
INSERT INTO Vacations (vacation_id, start_date, end_date, nr_days, employee_id) VALUES (52,DATEFROMPARTS(2020,1,14),DATEFROMPARTS(2020,1,15),1,29)
INSERT INTO Vacations (vacation_id, start_date, end_date, nr_days, employee_id) VALUES (53,DATEFROMPARTS(2019,12,29),DATEFROMPARTS(2020,1,3),5,43)
INSERT INTO Vacations (vacation_id, start_date, end_date, nr_days, employee_id) VALUES (54,DATEFROMPARTS(2019,12,9),DATEFROMPARTS(2020,1,11),33,13)
INSERT INTO Vacations (vacation_id, start_date, end_date, nr_days, employee_id) VALUES (55,DATEFROMPARTS(2019,12,21),DATEFROMPARTS(2020,1,8),18,29)
INSERT INTO Vacations (vacation_id, start_date, end_date, nr_days, employee_id) VALUES (56,DATEFROMPARTS(2019,12,19),DATEFROMPARTS(2019,12,22),3,23)
INSERT INTO Vacations (vacation_id, start_date, end_date, nr_days, employee_id) VALUES (57,DATEFROMPARTS(2019,12,2),DATEFROMPARTS(2019,12,16),14,26)
INSERT INTO Vacations (vacation_id, start_date, end_date, nr_days, employee_id) VALUES (58,DATEFROMPARTS(2020,1,5),DATEFROMPARTS(2020,1,16),11,51)
INSERT INTO Vacations (vacation_id, start_date, end_date, nr_days, employee_id) VALUES (59,DATEFROMPARTS(2020,1,7),DATEFROMPARTS(2020,1,15),8,33)
INSERT INTO Vacations (vacation_id, start_date, end_date, nr_days, employee_id) VALUES (60,DATEFROMPARTS(2019,12,23),DATEFROMPARTS(2019,12,29),6,52)
INSERT INTO Vacations (vacation_id, start_date, end_date, nr_days, employee_id) VALUES (61,DATEFROMPARTS(2019,12,9),DATEFROMPARTS(2019,12,12),3,38)
INSERT INTO Vacations (vacation_id, start_date, end_date, nr_days, employee_id) VALUES (62,DATEFROMPARTS(2019,12,29),DATEFROMPARTS(2020,1,9),11,22)
INSERT INTO Vacations (vacation_id, start_date, end_date, nr_days, employee_id) VALUES (63,DATEFROMPARTS(2020,1,4),DATEFROMPARTS(2020,1,9),5,40)
INSERT INTO Vacations (vacation_id, start_date, end_date, nr_days, employee_id) VALUES (64,DATEFROMPARTS(2019,12,6),DATEFROMPARTS(2020,1,11),36,57)
INSERT INTO Vacations (vacation_id, start_date, end_date, nr_days, employee_id) VALUES (65,DATEFROMPARTS(2019,12,27),DATEFROMPARTS(2020,1,17),21,28)
INSERT INTO Vacations (vacation_id, start_date, end_date, nr_days, employee_id) VALUES (66,DATEFROMPARTS(2020,1,3),DATEFROMPARTS(2020,1,14),11,43)
INSERT INTO Vacations (vacation_id, start_date, end_date, nr_days, employee_id) VALUES (67,DATEFROMPARTS(2020,1,3),DATEFROMPARTS(2020,1,10),7,20)
INSERT INTO Vacations (vacation_id, start_date, end_date, nr_days, employee_id) VALUES (68,DATEFROMPARTS(2019,12,24),DATEFROMPARTS(2020,1,7),14,54)
INSERT INTO Vacations (vacation_id, start_date, end_date, nr_days, employee_id) VALUES (69,DATEFROMPARTS(2019,12,1),DATEFROMPARTS(2020,1,11),41,20)
INSERT INTO Vacations (vacation_id, start_date, end_date, nr_days, employee_id) VALUES (70,DATEFROMPARTS(2019,12,1),DATEFROMPARTS(2020,1,6),36,57)
INSERT INTO Vacations (vacation_id, start_date, end_date, nr_days, employee_id) VALUES (71,DATEFROMPARTS(2019,12,15),DATEFROMPARTS(2020,1,17),33,37)
INSERT INTO Vacations (vacation_id, start_date, end_date, nr_days, employee_id) VALUES (72,DATEFROMPARTS(2019,12,18),DATEFROMPARTS(2020,1,14),27,45)
INSERT INTO Vacations (vacation_id, start_date, end_date, nr_days, employee_id) VALUES (73,DATEFROMPARTS(2019,12,30),DATEFROMPARTS(2020,1,6),7,58)
INSERT INTO Vacations (vacation_id, start_date, end_date, nr_days, employee_id) VALUES (74,DATEFROMPARTS(2019,12,5),DATEFROMPARTS(2020,1,16),42,22)
INSERT INTO Vacations (vacation_id, start_date, end_date, nr_days, employee_id) VALUES (75,DATEFROMPARTS(2019,12,25),DATEFROMPARTS(2020,1,7),13,9)
INSERT INTO Vacations (vacation_id, start_date, end_date, nr_days, employee_id) VALUES (76,DATEFROMPARTS(2020,1,4),DATEFROMPARTS(2020,1,12),8,26)
INSERT INTO Vacations (vacation_id, start_date, end_date, nr_days, employee_id) VALUES (77,DATEFROMPARTS(2020,1,11),DATEFROMPARTS(2020,1,17),6,49)
INSERT INTO Vacations (vacation_id, start_date, end_date, nr_days, employee_id) VALUES (78,DATEFROMPARTS(2020,1,10),DATEFROMPARTS(2020,1,12),2,18)
INSERT INTO Vacations (vacation_id, start_date, end_date, nr_days, employee_id) VALUES (79,DATEFROMPARTS(2019,12,12),DATEFROMPARTS(2020,1,2),21,19)
INSERT INTO Vacations (vacation_id, start_date, end_date, nr_days, employee_id) VALUES (80,DATEFROMPARTS(2020,1,14),DATEFROMPARTS(2020,1,15),1,44)
INSERT INTO Vacations (vacation_id, start_date, end_date, nr_days, employee_id) VALUES (81,DATEFROMPARTS(2019,12,31),DATEFROMPARTS(2020,1,8),8,54)
INSERT INTO Vacations (vacation_id, start_date, end_date, nr_days, employee_id) VALUES (82,DATEFROMPARTS(2019,12,1),DATEFROMPARTS(2020,1,9),39,50)
INSERT INTO Vacations (vacation_id, start_date, end_date, nr_days, employee_id) VALUES (83,DATEFROMPARTS(2020,1,8),DATEFROMPARTS(2020,1,14),6,25)
INSERT INTO Vacations (vacation_id, start_date, end_date, nr_days, employee_id) VALUES (84,DATEFROMPARTS(2019,12,9),DATEFROMPARTS(2019,12,27),18,53)
INSERT INTO Vacations (vacation_id, start_date, end_date, nr_days, employee_id) VALUES (85,DATEFROMPARTS(2019,12,26),DATEFROMPARTS(2020,1,16),21,23)
INSERT INTO Vacations (vacation_id, start_date, end_date, nr_days, employee_id) VALUES (86,DATEFROMPARTS(2019,12,7),DATEFROMPARTS(2020,1,4),28,28)
INSERT INTO Vacations (vacation_id, start_date, end_date, nr_days, employee_id) VALUES (87,DATEFROMPARTS(2019,12,11),DATEFROMPARTS(2019,12,18),7,19)
INSERT INTO Vacations (vacation_id, start_date, end_date, nr_days, employee_id) VALUES (88,DATEFROMPARTS(2019,12,31),DATEFROMPARTS(2020,1,9),9,19)
INSERT INTO Vacations (vacation_id, start_date, end_date, nr_days, employee_id) VALUES (89,DATEFROMPARTS(2019,12,8),DATEFROMPARTS(2019,12,26),18,28)
INSERT INTO Vacations (vacation_id, start_date, end_date, nr_days, employee_id) VALUES (90,DATEFROMPARTS(2020,1,10),DATEFROMPARTS(2020,1,11),1,26)
INSERT INTO Vacations (vacation_id, start_date, end_date, nr_days, employee_id) VALUES (91,DATEFROMPARTS(2019,12,29),DATEFROMPARTS(2020,1,1),3,41)
INSERT INTO Vacations (vacation_id, start_date, end_date, nr_days, employee_id) VALUES (92,DATEFROMPARTS(2020,1,7),DATEFROMPARTS(2020,1,8),1,52)
INSERT INTO Vacations (vacation_id, start_date, end_date, nr_days, employee_id) VALUES (93,DATEFROMPARTS(2020,1,10),DATEFROMPARTS(2020,1,15),5,48)
INSERT INTO Vacations (vacation_id, start_date, end_date, nr_days, employee_id) VALUES (94,DATEFROMPARTS(2019,12,17),DATEFROMPARTS(2019,12,26),9,30)
INSERT INTO Vacations (vacation_id, start_date, end_date, nr_days, employee_id) VALUES (95,DATEFROMPARTS(2020,1,9),DATEFROMPARTS(2020,1,16),7,12)
INSERT INTO Vacations (vacation_id, start_date, end_date, nr_days, employee_id) VALUES (96,DATEFROMPARTS(2020,1,7),DATEFROMPARTS(2020,1,16),9,51)
INSERT INTO Vacations (vacation_id, start_date, end_date, nr_days, employee_id) VALUES (97,DATEFROMPARTS(2019,12,27),DATEFROMPARTS(2020,1,8),12,21)
INSERT INTO Vacations (vacation_id, start_date, end_date, nr_days, employee_id) VALUES (98,DATEFROMPARTS(2020,1,9),DATEFROMPARTS(2020,1,16),7,35)
INSERT INTO Vacations (vacation_id, start_date, end_date, nr_days, employee_id) VALUES (99,DATEFROMPARTS(2019,12,2),DATEFROMPARTS(2020,1,17),46,33)
INSERT INTO Vacations (vacation_id, start_date, end_date, nr_days, employee_id) VALUES (100,DATEFROMPARTS(2019,12,21),DATEFROMPARTS(2019,12,24),3,12)
INSERT INTO Vacations (vacation_id, start_date, end_date, nr_days, employee_id) VALUES (101,DATEFROMPARTS(2020,1,12),DATEFROMPARTS(2020,1,13),1,28)
INSERT INTO Vacations (vacation_id, start_date, end_date, nr_days, employee_id) VALUES (102,DATEFROMPARTS(2020,1,14),DATEFROMPARTS(2020,1,15),1,57)
INSERT INTO Vacations (vacation_id, start_date, end_date, nr_days, employee_id) VALUES (103,DATEFROMPARTS(2020,1,8),DATEFROMPARTS(2020,1,10),2,15)
INSERT INTO Vacations (vacation_id, start_date, end_date, nr_days, employee_id) VALUES (104,DATEFROMPARTS(2019,12,28),DATEFROMPARTS(2020,1,11),14,45)
INSERT INTO Vacations (vacation_id, start_date, end_date, nr_days, employee_id) VALUES (105,DATEFROMPARTS(2019,12,25),DATEFROMPARTS(2020,1,5),11,25)
INSERT INTO Vacations (vacation_id, start_date, end_date, nr_days, employee_id) VALUES (106,DATEFROMPARTS(2019,12,15),DATEFROMPARTS(2020,1,9),25,3)
INSERT INTO Vacations (vacation_id, start_date, end_date, nr_days, employee_id) VALUES (107,DATEFROMPARTS(2020,1,13),DATEFROMPARTS(2020,1,17),4,43)
INSERT INTO Vacations (vacation_id, start_date, end_date, nr_days, employee_id) VALUES (108,DATEFROMPARTS(2020,1,8),DATEFROMPARTS(2020,1,12),4,8)
SET IDENTITY_INSERT Vacations OFF
GO

SET IDENTITY_INSERT Sick_leave ON
INSERT INTO Sick_leave (sl_id, start_date, end_date, nr_days, employee_id) VALUES (1,DATEFROMPARTS(2019,12,26),DATEFROMPARTS(2019,12,27),1,45)
INSERT INTO Sick_leave (sl_id, start_date, end_date, nr_days, employee_id) VALUES (2,DATEFROMPARTS(2019,12,28),DATEFROMPARTS(2020,1,4),7,47)
INSERT INTO Sick_leave (sl_id, start_date, end_date, nr_days, employee_id) VALUES (3,DATEFROMPARTS(2019,12,5),DATEFROMPARTS(2020,1,2),28,46)
INSERT INTO Sick_leave (sl_id, start_date, end_date, nr_days, employee_id) VALUES (4,DATEFROMPARTS(2019,12,2),DATEFROMPARTS(2019,12,19),17,8)
INSERT INTO Sick_leave (sl_id, start_date, end_date, nr_days, employee_id) VALUES (5,DATEFROMPARTS(2019,12,26),DATEFROMPARTS(2019,12,27),1,14)
INSERT INTO Sick_leave (sl_id, start_date, end_date, nr_days, employee_id) VALUES (6,DATEFROMPARTS(2020,1,11),DATEFROMPARTS(2020,1,14),3,30)
INSERT INTO Sick_leave (sl_id, start_date, end_date, nr_days, employee_id) VALUES (7,DATEFROMPARTS(2020,1,1),DATEFROMPARTS(2020,1,17),16,59)
INSERT INTO Sick_leave (sl_id, start_date, end_date, nr_days, employee_id) VALUES (8,DATEFROMPARTS(2019,12,25),DATEFROMPARTS(2020,1,9),15,32)
INSERT INTO Sick_leave (sl_id, start_date, end_date, nr_days, employee_id) VALUES (9,DATEFROMPARTS(2019,12,12),DATEFROMPARTS(2020,1,14),33,1)
INSERT INTO Sick_leave (sl_id, start_date, end_date, nr_days, employee_id) VALUES (10,DATEFROMPARTS(2019,12,5),DATEFROMPARTS(2020,1,10),36,40)
INSERT INTO Sick_leave (sl_id, start_date, end_date, nr_days, employee_id) VALUES (11,DATEFROMPARTS(2020,1,5),DATEFROMPARTS(2020,1,10),5,59)
INSERT INTO Sick_leave (sl_id, start_date, end_date, nr_days, employee_id) VALUES (12,DATEFROMPARTS(2019,12,13),DATEFROMPARTS(2019,12,22),9,14)
INSERT INTO Sick_leave (sl_id, start_date, end_date, nr_days, employee_id) VALUES (13,DATEFROMPARTS(2020,1,14),DATEFROMPARTS(2020,1,15),1,40)
INSERT INTO Sick_leave (sl_id, start_date, end_date, nr_days, employee_id) VALUES (14,DATEFROMPARTS(2019,12,9),DATEFROMPARTS(2019,12,28),19,12)
INSERT INTO Sick_leave (sl_id, start_date, end_date, nr_days, employee_id) VALUES (15,DATEFROMPARTS(2020,1,5),DATEFROMPARTS(2020,1,12),7,20)
INSERT INTO Sick_leave (sl_id, start_date, end_date, nr_days, employee_id) VALUES (16,DATEFROMPARTS(2019,12,21),DATEFROMPARTS(2020,1,16),26,5)
INSERT INTO Sick_leave (sl_id, start_date, end_date, nr_days, employee_id) VALUES (17,DATEFROMPARTS(2020,1,13),DATEFROMPARTS(2020,1,14),1,34)
INSERT INTO Sick_leave (sl_id, start_date, end_date, nr_days, employee_id) VALUES (18,DATEFROMPARTS(2019,12,22),DATEFROMPARTS(2020,1,1),10,30)
INSERT INTO Sick_leave (sl_id, start_date, end_date, nr_days, employee_id) VALUES (19,DATEFROMPARTS(2019,12,6),DATEFROMPARTS(2019,12,16),10,2)
INSERT INTO Sick_leave (sl_id, start_date, end_date, nr_days, employee_id) VALUES (20,DATEFROMPARTS(2019,12,24),DATEFROMPARTS(2020,1,2),9,40)
INSERT INTO Sick_leave (sl_id, start_date, end_date, nr_days, employee_id) VALUES (21,DATEFROMPARTS(2019,12,3),DATEFROMPARTS(2020,1,8),36,2)
INSERT INTO Sick_leave (sl_id, start_date, end_date, nr_days, employee_id) VALUES (22,DATEFROMPARTS(2019,12,13),DATEFROMPARTS(2019,12,26),13,10)
INSERT INTO Sick_leave (sl_id, start_date, end_date, nr_days, employee_id) VALUES (23,DATEFROMPARTS(2019,12,5),DATEFROMPARTS(2019,12,16),11,57)
INSERT INTO Sick_leave (sl_id, start_date, end_date, nr_days, employee_id) VALUES (24,DATEFROMPARTS(2019,12,21),DATEFROMPARTS(2019,12,28),7,46)
INSERT INTO Sick_leave (sl_id, start_date, end_date, nr_days, employee_id) VALUES (25,DATEFROMPARTS(2019,12,2),DATEFROMPARTS(2019,12,4),2,46)
INSERT INTO Sick_leave (sl_id, start_date, end_date, nr_days, employee_id) VALUES (26,DATEFROMPARTS(2020,1,9),DATEFROMPARTS(2020,1,13),4,22)
INSERT INTO Sick_leave (sl_id, start_date, end_date, nr_days, employee_id) VALUES (27,DATEFROMPARTS(2020,1,6),DATEFROMPARTS(2020,1,16),10,19)
INSERT INTO Sick_leave (sl_id, start_date, end_date, nr_days, employee_id) VALUES (28,DATEFROMPARTS(2019,12,31),DATEFROMPARTS(2020,1,3),3,44)
INSERT INTO Sick_leave (sl_id, start_date, end_date, nr_days, employee_id) VALUES (29,DATEFROMPARTS(2019,12,7),DATEFROMPARTS(2019,12,28),21,46)
INSERT INTO Sick_leave (sl_id, start_date, end_date, nr_days, employee_id) VALUES (30,DATEFROMPARTS(2020,1,14),DATEFROMPARTS(2020,1,17),3,40)
INSERT INTO Sick_leave (sl_id, start_date, end_date, nr_days, employee_id) VALUES (31,DATEFROMPARTS(2019,12,6),DATEFROMPARTS(2020,1,16),41,40)
INSERT INTO Sick_leave (sl_id, start_date, end_date, nr_days, employee_id) VALUES (32,DATEFROMPARTS(2020,1,8),DATEFROMPARTS(2020,1,10),2,31)
INSERT INTO Sick_leave (sl_id, start_date, end_date, nr_days, employee_id) VALUES (33,DATEFROMPARTS(2019,12,24),DATEFROMPARTS(2020,1,9),16,38)
INSERT INTO Sick_leave (sl_id, start_date, end_date, nr_days, employee_id) VALUES (34,DATEFROMPARTS(2019,12,30),DATEFROMPARTS(2020,1,14),15,9)
INSERT INTO Sick_leave (sl_id, start_date, end_date, nr_days, employee_id) VALUES (35,DATEFROMPARTS(2019,12,4),DATEFROMPARTS(2019,12,23),19,44)
INSERT INTO Sick_leave (sl_id, start_date, end_date, nr_days, employee_id) VALUES (36,DATEFROMPARTS(2019,12,14),DATEFROMPARTS(2020,1,12),29,27)
INSERT INTO Sick_leave (sl_id, start_date, end_date, nr_days, employee_id) VALUES (37,DATEFROMPARTS(2019,12,19),DATEFROMPARTS(2020,1,8),20,54)
INSERT INTO Sick_leave (sl_id, start_date, end_date, nr_days, employee_id) VALUES (38,DATEFROMPARTS(2020,1,14),DATEFROMPARTS(2020,1,17),3,16)
INSERT INTO Sick_leave (sl_id, start_date, end_date, nr_days, employee_id) VALUES (39,DATEFROMPARTS(2020,1,15),DATEFROMPARTS(2020,1,16),1,19)
INSERT INTO Sick_leave (sl_id, start_date, end_date, nr_days, employee_id) VALUES (40,DATEFROMPARTS(2019,12,31),DATEFROMPARTS(2020,1,8),8,11)
INSERT INTO Sick_leave (sl_id, start_date, end_date, nr_days, employee_id) VALUES (41,DATEFROMPARTS(2019,12,3),DATEFROMPARTS(2020,1,1),29,10)
INSERT INTO Sick_leave (sl_id, start_date, end_date, nr_days, employee_id) VALUES (42,DATEFROMPARTS(2019,12,18),DATEFROMPARTS(2020,1,2),15,59)
INSERT INTO Sick_leave (sl_id, start_date, end_date, nr_days, employee_id) VALUES (43,DATEFROMPARTS(2019,12,19),DATEFROMPARTS(2020,1,14),26,55)
INSERT INTO Sick_leave (sl_id, start_date, end_date, nr_days, employee_id) VALUES (44,DATEFROMPARTS(2020,1,9),DATEFROMPARTS(2020,1,10),1,47)
INSERT INTO Sick_leave (sl_id, start_date, end_date, nr_days, employee_id) VALUES (45,DATEFROMPARTS(2020,1,15),DATEFROMPARTS(2020,1,16),1,24)
INSERT INTO Sick_leave (sl_id, start_date, end_date, nr_days, employee_id) VALUES (46,DATEFROMPARTS(2019,12,13),DATEFROMPARTS(2019,12,22),9,46)
INSERT INTO Sick_leave (sl_id, start_date, end_date, nr_days, employee_id) VALUES (47,DATEFROMPARTS(2019,12,19),DATEFROMPARTS(2020,1,12),24,24)
INSERT INTO Sick_leave (sl_id, start_date, end_date, nr_days, employee_id) VALUES (48,DATEFROMPARTS(2020,1,14),DATEFROMPARTS(2020,1,15),1,46)
INSERT INTO Sick_leave (sl_id, start_date, end_date, nr_days, employee_id) VALUES (49,DATEFROMPARTS(2019,12,21),DATEFROMPARTS(2020,1,3),13,46)
INSERT INTO Sick_leave (sl_id, start_date, end_date, nr_days, employee_id) VALUES (50,DATEFROMPARTS(2019,12,21),DATEFROMPARTS(2020,1,10),20,46)
INSERT INTO Sick_leave (sl_id, start_date, end_date, nr_days, employee_id) VALUES (51,DATEFROMPARTS(2019,12,31),DATEFROMPARTS(2020,1,15),15,23)
INSERT INTO Sick_leave (sl_id, start_date, end_date, nr_days, employee_id) VALUES (52,DATEFROMPARTS(2020,1,8),DATEFROMPARTS(2020,1,16),8,38)
INSERT INTO Sick_leave (sl_id, start_date, end_date, nr_days, employee_id) VALUES (53,DATEFROMPARTS(2020,1,7),DATEFROMPARTS(2020,1,11),4,23)
INSERT INTO Sick_leave (sl_id, start_date, end_date, nr_days, employee_id) VALUES (54,DATEFROMPARTS(2019,12,24),DATEFROMPARTS(2020,1,6),13,2)
INSERT INTO Sick_leave (sl_id, start_date, end_date, nr_days, employee_id) VALUES (55,DATEFROMPARTS(2020,1,7),DATEFROMPARTS(2020,1,17),10,7)
INSERT INTO Sick_leave (sl_id, start_date, end_date, nr_days, employee_id) VALUES (56,DATEFROMPARTS(2019,12,19),DATEFROMPARTS(2019,12,21),2,14)
INSERT INTO Sick_leave (sl_id, start_date, end_date, nr_days, employee_id) VALUES (57,DATEFROMPARTS(2020,1,4),DATEFROMPARTS(2020,1,7),3,54)
INSERT INTO Sick_leave (sl_id, start_date, end_date, nr_days, employee_id) VALUES (58,DATEFROMPARTS(2020,1,2),DATEFROMPARTS(2020,1,7),5,47)
INSERT INTO Sick_leave (sl_id, start_date, end_date, nr_days, employee_id) VALUES (59,DATEFROMPARTS(2019,12,5),DATEFROMPARTS(2020,1,4),30,42)
INSERT INTO Sick_leave (sl_id, start_date, end_date, nr_days, employee_id) VALUES (60,DATEFROMPARTS(2020,1,4),DATEFROMPARTS(2020,1,9),5,44)
INSERT INTO Sick_leave (sl_id, start_date, end_date, nr_days, employee_id) VALUES (61,DATEFROMPARTS(2019,12,1),DATEFROMPARTS(2020,1,7),37,21)
INSERT INTO Sick_leave (sl_id, start_date, end_date, nr_days, employee_id) VALUES (62,DATEFROMPARTS(2020,1,11),DATEFROMPARTS(2020,1,16),5,9)
INSERT INTO Sick_leave (sl_id, start_date, end_date, nr_days, employee_id) VALUES (63,DATEFROMPARTS(2019,12,30),DATEFROMPARTS(2020,1,17),18,7)
INSERT INTO Sick_leave (sl_id, start_date, end_date, nr_days, employee_id) VALUES (64,DATEFROMPARTS(2019,12,19),DATEFROMPARTS(2020,1,14),26,21)
INSERT INTO Sick_leave (sl_id, start_date, end_date, nr_days, employee_id) VALUES (65,DATEFROMPARTS(2019,12,9),DATEFROMPARTS(2019,12,15),6,39)
INSERT INTO Sick_leave (sl_id, start_date, end_date, nr_days, employee_id) VALUES (66,DATEFROMPARTS(2019,12,27),DATEFROMPARTS(2020,1,12),16,53)
INSERT INTO Sick_leave (sl_id, start_date, end_date, nr_days, employee_id) VALUES (67,DATEFROMPARTS(2019,12,31),DATEFROMPARTS(2020,1,6),6,8)
INSERT INTO Sick_leave (sl_id, start_date, end_date, nr_days, employee_id) VALUES (68,DATEFROMPARTS(2020,1,12),DATEFROMPARTS(2020,1,16),4,43)
INSERT INTO Sick_leave (sl_id, start_date, end_date, nr_days, employee_id) VALUES (69,DATEFROMPARTS(2019,12,1),DATEFROMPARTS(2019,12,16),15,7)
SET IDENTITY_INSERT Sick_leave OFF
GO

DELETE FROM Contracts WHERE employee_id >= 1 AND employee_id <=60

SET IDENTITY_INSERT Contracts ON
INSERT INTO Contracts (contract_id, employee_id, position_id, hire_date, end_date) VALUES (1,1,9,DATEFROMPARTS(2019,10,1),DATEFROMPARTS(2019,12,30))
INSERT INTO Contracts (contract_id, employee_id, position_id, hire_date, end_date) VALUES (2,2,7,DATEFROMPARTS(2019,11,1),DATEFROMPARTS(2022,12,31))
INSERT INTO Contracts (contract_id, employee_id, position_id, hire_date, end_date) VALUES (3,3,10,DATEFROMPARTS(2019,4,1),DATEFROMPARTS(2020,3,31))
INSERT INTO Contracts (contract_id, employee_id, position_id, hire_date, end_date) VALUES (4,4,6,DATEFROMPARTS(2019,12,1),DATEFROMPARTS(2020,2,29))
INSERT INTO Contracts (contract_id, employee_id, position_id, hire_date, end_date) VALUES (5,5,6,DATEFROMPARTS(2019,8,1),DATEFROMPARTS(2022,12,31))
INSERT INTO Contracts (contract_id, employee_id, position_id, hire_date, end_date) VALUES (6,6,3,DATEFROMPARTS(2019,8,1),DATEFROMPARTS(2019,10,30))
INSERT INTO Contracts (contract_id, employee_id, position_id, hire_date, end_date) VALUES (7,7,6,DATEFROMPARTS(2019,12,1),DATEFROMPARTS(2022,12,31))
INSERT INTO Contracts (contract_id, employee_id, position_id, hire_date, end_date) VALUES (8,8,3,DATEFROMPARTS(2019,8,1),DATEFROMPARTS(2019,10,30))
INSERT INTO Contracts (contract_id, employee_id, position_id, hire_date, end_date) VALUES (9,9,5,DATEFROMPARTS(2019,10,1),DATEFROMPARTS(2019,12,30))
INSERT INTO Contracts (contract_id, employee_id, position_id, hire_date, end_date) VALUES (10,10,8,DATEFROMPARTS(2019,8,1),DATEFROMPARTS(2019,10,30))
INSERT INTO Contracts (contract_id, employee_id, position_id, hire_date, end_date) VALUES (11,11,10,DATEFROMPARTS(2019,6,1),DATEFROMPARTS(2019,8,30))
INSERT INTO Contracts (contract_id, employee_id, position_id, hire_date, end_date) VALUES (12,12,10,DATEFROMPARTS(2019,12,1),DATEFROMPARTS(2020,11,30))
INSERT INTO Contracts (contract_id, employee_id, position_id, hire_date, end_date) VALUES (13,13,9,DATEFROMPARTS(2019,8,1),DATEFROMPARTS(2019,10,30))
INSERT INTO Contracts (contract_id, employee_id, position_id, hire_date, end_date) VALUES (14,14,5,DATEFROMPARTS(2019,6,1),DATEFROMPARTS(2019,8,30))
INSERT INTO Contracts (contract_id, employee_id, position_id, hire_date, end_date) VALUES (15,15,10,DATEFROMPARTS(2019,10,1),DATEFROMPARTS(2022,12,31))
INSERT INTO Contracts (contract_id, employee_id, position_id, hire_date, end_date) VALUES (16,16,11,DATEFROMPARTS(2019,8,1),DATEFROMPARTS(2019,10,30))
INSERT INTO Contracts (contract_id, employee_id, position_id, hire_date, end_date) VALUES (17,17,4,DATEFROMPARTS(2019,4,1),DATEFROMPARTS(2020,3,31))
INSERT INTO Contracts (contract_id, employee_id, position_id, hire_date, end_date) VALUES (18,18,11,DATEFROMPARTS(2019,10,1),DATEFROMPARTS(2020,9,30))
INSERT INTO Contracts (contract_id, employee_id, position_id, hire_date, end_date) VALUES (19,19,7,DATEFROMPARTS(2019,10,1),DATEFROMPARTS(2022,12,31))
INSERT INTO Contracts (contract_id, employee_id, position_id, hire_date, end_date) VALUES (20,20,6,DATEFROMPARTS(2019,4,1),DATEFROMPARTS(2019,6,30))
INSERT INTO Contracts (contract_id, employee_id, position_id, hire_date, end_date) VALUES (21,21,10,DATEFROMPARTS(2019,8,1),DATEFROMPARTS(2019,10,30))
INSERT INTO Contracts (contract_id, employee_id, position_id, hire_date, end_date) VALUES (22,22,5,DATEFROMPARTS(2019,10,1),DATEFROMPARTS(2022,12,31))
INSERT INTO Contracts (contract_id, employee_id, position_id, hire_date, end_date) VALUES (23,23,7,DATEFROMPARTS(2019,4,1),DATEFROMPARTS(2022,12,31))
INSERT INTO Contracts (contract_id, employee_id, position_id, hire_date, end_date) VALUES (24,24,6,DATEFROMPARTS(2019,8,1),DATEFROMPARTS(2020,7,31))
INSERT INTO Contracts (contract_id, employee_id, position_id, hire_date, end_date) VALUES (25,25,9,DATEFROMPARTS(2019,11,1),DATEFROMPARTS(2022,12,31))
INSERT INTO Contracts (contract_id, employee_id, position_id, hire_date, end_date) VALUES (26,26,3,DATEFROMPARTS(2019,8,1),DATEFROMPARTS(2019,10,30))
INSERT INTO Contracts (contract_id, employee_id, position_id, hire_date, end_date) VALUES (27,27,11,DATEFROMPARTS(2019,4,1),DATEFROMPARTS(2019,6,30))
INSERT INTO Contracts (contract_id, employee_id, position_id, hire_date, end_date) VALUES (28,28,11,DATEFROMPARTS(2019,8,1),DATEFROMPARTS(2019,10,30))
INSERT INTO Contracts (contract_id, employee_id, position_id, hire_date, end_date) VALUES (29,29,11,DATEFROMPARTS(2019,4,1),DATEFROMPARTS(2022,12,31))
INSERT INTO Contracts (contract_id, employee_id, position_id, hire_date, end_date) VALUES (30,30,5,DATEFROMPARTS(2019,10,1),DATEFROMPARTS(2019,12,30))
INSERT INTO Contracts (contract_id, employee_id, position_id, hire_date, end_date) VALUES (31,31,3,DATEFROMPARTS(2019,8,1),DATEFROMPARTS(2019,10,30))
INSERT INTO Contracts (contract_id, employee_id, position_id, hire_date, end_date) VALUES (32,32,3,DATEFROMPARTS(2019,10,1),DATEFROMPARTS(2019,12,30))
INSERT INTO Contracts (contract_id, employee_id, position_id, hire_date, end_date) VALUES (33,33,2,DATEFROMPARTS(2019,8,1),DATEFROMPARTS(2019,10,30))
INSERT INTO Contracts (contract_id, employee_id, position_id, hire_date, end_date) VALUES (34,34,3,DATEFROMPARTS(2019,10,1),DATEFROMPARTS(2022,12,31))
INSERT INTO Contracts (contract_id, employee_id, position_id, hire_date, end_date) VALUES (35,35,4,DATEFROMPARTS(2019,8,1),DATEFROMPARTS(2020,7,31))
INSERT INTO Contracts (contract_id, employee_id, position_id, hire_date, end_date) VALUES (36,36,11,DATEFROMPARTS(2019,6,1),DATEFROMPARTS(2022,12,31))
INSERT INTO Contracts (contract_id, employee_id, position_id, hire_date, end_date) VALUES (37,37,10,DATEFROMPARTS(2019,8,1),DATEFROMPARTS(2019,10,30))
INSERT INTO Contracts (contract_id, employee_id, position_id, hire_date, end_date) VALUES (38,38,6,DATEFROMPARTS(2019,11,1),DATEFROMPARTS(2020,1,30))
INSERT INTO Contracts (contract_id, employee_id, position_id, hire_date, end_date) VALUES (39,39,10,DATEFROMPARTS(2019,8,1),DATEFROMPARTS(2019,10,30))
INSERT INTO Contracts (contract_id, employee_id, position_id, hire_date, end_date) VALUES (40,40,7,DATEFROMPARTS(2019,4,1),DATEFROMPARTS(2019,6,30))
INSERT INTO Contracts (contract_id, employee_id, position_id, hire_date, end_date) VALUES (41,41,9,DATEFROMPARTS(2019,8,1),DATEFROMPARTS(2019,10,30))
INSERT INTO Contracts (contract_id, employee_id, position_id, hire_date, end_date) VALUES (42,42,5,DATEFROMPARTS(2019,11,1),DATEFROMPARTS(2020,1,30))
INSERT INTO Contracts (contract_id, employee_id, position_id, hire_date, end_date) VALUES (43,43,5,DATEFROMPARTS(2019,8,1),DATEFROMPARTS(2020,7,31))
INSERT INTO Contracts (contract_id, employee_id, position_id, hire_date, end_date) VALUES (44,44,8,DATEFROMPARTS(2019,6,1),DATEFROMPARTS(2019,8,30))
INSERT INTO Contracts (contract_id, employee_id, position_id, hire_date, end_date) VALUES (45,45,2,DATEFROMPARTS(2019,11,1),DATEFROMPARTS(2020,1,30))
INSERT INTO Contracts (contract_id, employee_id, position_id, hire_date, end_date) VALUES (46,46,7,DATEFROMPARTS(2019,8,1),DATEFROMPARTS(2019,10,30))
INSERT INTO Contracts (contract_id, employee_id, position_id, hire_date, end_date) VALUES (47,47,3,DATEFROMPARTS(2019,11,1),DATEFROMPARTS(2020,1,30))
INSERT INTO Contracts (contract_id, employee_id, position_id, hire_date, end_date) VALUES (48,48,11,DATEFROMPARTS(2019,11,1),DATEFROMPARTS(2020,1,30))
INSERT INTO Contracts (contract_id, employee_id, position_id, hire_date, end_date) VALUES (49,49,8,DATEFROMPARTS(2019,6,1),DATEFROMPARTS(2019,8,30))
INSERT INTO Contracts (contract_id, employee_id, position_id, hire_date, end_date) VALUES (50,50,11,DATEFROMPARTS(2019,8,1),DATEFROMPARTS(2019,10,30))
INSERT INTO Contracts (contract_id, employee_id, position_id, hire_date, end_date) VALUES (51,51,8,DATEFROMPARTS(2019,10,1),DATEFROMPARTS(2019,12,30))
INSERT INTO Contracts (contract_id, employee_id, position_id, hire_date, end_date) VALUES (52,52,4,DATEFROMPARTS(2019,8,1),DATEFROMPARTS(2019,10,30))
INSERT INTO Contracts (contract_id, employee_id, position_id, hire_date, end_date) VALUES (53,53,7,DATEFROMPARTS(2019,6,1),DATEFROMPARTS(2020,5,31))
INSERT INTO Contracts (contract_id, employee_id, position_id, hire_date, end_date) VALUES (54,54,8,DATEFROMPARTS(2019,8,1),DATEFROMPARTS(2019,10,30))
INSERT INTO Contracts (contract_id, employee_id, position_id, hire_date, end_date) VALUES (55,55,10,DATEFROMPARTS(2019,6,1),DATEFROMPARTS(2019,8,30))
INSERT INTO Contracts (contract_id, employee_id, position_id, hire_date, end_date) VALUES (56,56,10,DATEFROMPARTS(2019,11,1),DATEFROMPARTS(2020,1,30))
INSERT INTO Contracts (contract_id, employee_id, position_id, hire_date, end_date) VALUES (57,57,6,DATEFROMPARTS(2019,6,1),DATEFROMPARTS(2020,5,31))
INSERT INTO Contracts (contract_id, employee_id, position_id, hire_date, end_date) VALUES (58,58,7,DATEFROMPARTS(2019,11,1),DATEFROMPARTS(2020,1,30))
INSERT INTO Contracts (contract_id, employee_id, position_id, hire_date, end_date) VALUES (59,59,9,DATEFROMPARTS(2019,6,1),DATEFROMPARTS(2022,12,31))
INSERT INTO Contracts (contract_id, employee_id, position_id, hire_date, end_date) VALUES (60,60,4,DATEFROMPARTS(2019,6,1),DATEFROMPARTS(2022,12,31))

UPDATE Contracts SET salary = 4200 WHERE contract_id = 1 OR contract_id = 3 OR contract_id = 11 OR contract_id = 13;
UPDATE Contracts SET salary = 5500 WHERE contract_id = 44 OR contract_id = 49 OR contract_id = 10;
UPDATE Contracts SET salary = 5500 WHERE contract_id = 44 OR contract_id = 49 OR contract_id = 10;
UPDATE Contracts SET salary = 7000 WHERE contract_id = 19 OR contract_id = 58;

SET IDENTITY_INSERT Contracts OFF
GO

